,class,precision,recall,F1,accuracy,MAE,MPE,F1_geno_ttest_pval,mean_F1_ev0,mean_F1_ev1,precision_geno_ttest_pval,recall_geno_ttest_pval
0,classifier4,0.8515639459559504,0.9114500792393027,0.8804899052722228,0.7864957264957265,15.071428571428571,-0.0016744019319296657,0.00014503364581879333,0.8576593863709304,0.9031965638223298,2.822859844582288e-08,0.010062880652774112
