,class,precision,recall,F1,accuracy,MAE,MPE,F1_geno_ttest_pval,mean_F1_ev0,mean_F1_ev1,precision_geno_ttest_pval,recall_geno_ttest_pval
0,classifier10,0.9192713723866694,0.8797543581616482,0.8990788541350339,0.8166605369621184,12.071428571428571,0.0010235076597992605,0.275712922551662,0.8914218672046704,0.903745657719076,1.1874451745347798e-06,0.003938730176409524
