,class,precision,recall,F1,accuracy,MAE,MPE,F1_geno_ttest_pval,mean_F1_ev0,mean_F1_ev1,precision_geno_ttest_pval,recall_geno_ttest_pval
0,classifier10,0.9208603048653163,0.8736133122028527,0.8966148215919487,0.8126036484245439,6.166666666666667,0.0012216059165346012,0.412324850827515,0.8901736878846152,0.8996112668062524,1.389239195448643e-06,0.0027437741042557404
