,class,precision,recall,F1,accuracy,MAE,MPE,F1_geno_ttest_pval,mean_F1_ev0,mean_F1_ev1,precision_geno_ttest_pval,recall_geno_ttest_pval
0,classifier10,0.9187062937062938,0.8758333333333334,0.8967576791808873,0.8128383604021655,14.8,0.004666666666666667,0.2781622259754153,0.9096429578448572,0.8740668834255517,0.004282689097701165,0.02830845502606373
