,class,precision,recall,F1,accuracy,MAE,MPE,F1_geno_ttest_pval,mean_F1_ev0,mean_F1_ev1,precision_geno_ttest_pval,recall_geno_ttest_pval
0,classifier10,0.9206349206349206,0.87,0.8946015424164524,0.8093023255813954,6.6,0.0055,0.2636939910343515,0.9085805287387577,0.8704504924463929,0.0056666530447666025,0.02897502289500482
