,class,precision,recall,F1,accuracy,MAE,MPE,F1_geno_ttest_pval,mean_F1_ev0,mean_F1_ev1,precision_geno_ttest_pval,recall_geno_ttest_pval
valid,classifier10,0.949907236,0.775170326,0.853689037,0.744727273,24.3,0.018395155,0.331064726,0.87048248,0.821442918,0.204017027,0.163536007
full set,classifier10,0.920860305,0.873613312,0.896614822,0.812603648,6.166666667,0.001221606,0.412324851,0.890173688,0.899611267,1.39E-06,0.002743774
audit,classifier10,0.920634921,0.87,0.894601542,0.809302326,6.6,0.0055,0.263693991,0.908580529,0.870450492,0.005666653,0.028975023
