,name,tp,fp,fn,avg_area,avg_circularity
0,BKO-426-S42-Iba-Syn-Cortex-10x-F2a_XY1562195154_Z0_T0_C2.tiff8bit.pngcropped.pngNpt3.png,101,19,19,134.65833333333333,0.7283865107499998
0,BKO-428-S42-Iba-Syn-Cortex-10x-F3a_XY1561767178_Z0_T0_C2.tiff8bit.pngcropped.pngNpt3.png,123,7,32,127.8,0.7624461652307692
0,BKO-428-S72-Iba-Syn-Cortex-10x-F2a_XY1562015876_Z0_T0_C2.tiff8bit.pngcropped.pngNpt3.png,148,5,24,119.76470588235294,0.7552991792156862
0,BKO-442-S44-Iba-Syn-Cortex-10x-F1a_XY1562190389_Z0_T0_C2.tiff8bit.pngcropped.pngNpt3.png,108,2,28,130.57272727272726,0.8189027376363638
0,BKO-443-S57-Iba-Syn-Cortex-10x-F1a_XY1562017121_Z0_T0_C2.tiff8bit.pngcropped.pngNpt3.png,89,4,32,133.70967741935485,0.724687725376344
0,BKO-443-S72-Iba-Syn-Cortex-10x-F3a_XY1562017872_Z0_T0_C2.tiff8bit.pngcropped.pngNpt3.png,110,1,31,131.85585585585585,0.7858715213513512
0,BKO-460-S57-Iba-Syn-Cortex-10x-F1a_XY1562191200_Z0_T0_C2.tiff8bit.pngcropped.pngNpt3.png,86,1,24,133.29885057471265,0.7603717547126438
0,BKO-462-S42-Iba-Syn-Cortex-10x-F1a_XY1562191558_Z0_T0_C2.tiff8bit.pngcropped.pngNpt3.png,95,3,22,129.8877551020408,0.8074694603061223
0,BKO-462-S57-Iba-Syn-Cortex-10x-F1aq_XY1562191668_Z0_T0_C2.tiff8bit.pngcropped.pngNpt3.png,79,4,47,127.67469879518072,0.8153178773493976
0,BKO-462-S72-Iba-Syn-Cortex-10x-F3a_XY1562191900_Z0_T0_C2.tiff8bit.pngcropped.pngNpt3.png,60,1,63,134.39344262295083,0.8134898229508196
